Álvaro Luquín,7
Rodrigo Castillo,7
Carlos Martínez Rentería,5
José Quezada,5
Luciano Concheiro,5
Alfredo Padilla,4
Eduardo Guerra,4
Herson Barona,4
Renato Guillén,3
Fernando Carrera,3
Alejandro Almazán,3
Inti García Santamaría,3
Edson Lechuga,3
Jaime Mesa,3
Andrés Márquez Mardones,3
David Martínez,3
Carlos Velázquez,3
Fausto Alzati,3
Marcial Fernández,3
Julio Trujillo,3
Gerardo Grande,3
Edgar Chías,2
Arturo Loera,2
Ramón Domínguez,2
Irving Ramírez,2
Rafael Fernández de Castro,2
Mario González Suárez,2
Gabriel Sandoval,2
Armando Salgado,2
Román Sansores,2
Joaquín de la Torre,2
David Hiriart,2
Víctor Toledo,2
Andrés Márquez,2
Pierre Herrera,2
Iván Trejo,2
Antonio Sonora,2
Orestes Cabrales,2
José Pulido,2
Mohsen Emadi,2
Carlos Chávez,2
Jorge Mendoza,2
Eduardo Vázquez Martín,1
Víctor Calavera,1
David Meza,1
Joserra Ortiz,1
Andrés Gutiérrez Villavicencio,1
Ricardo Cayuela,1
Elman Trevizo,1
José Homero,1
Daniel Fragoso,1
David Meléndez Vizcarra,1
Jesús Carmona Robles,1
Raúl Salazar,1
Israel Gayosso,1
Pedro Salmerón,1
Juan Manuel Zarmeño,1
Enrique Florescano,1
Jorge Manzanilla,1
Carlos López,1
Armando Alanís Pulido,1
José Lupe González,1
Daniel Miranda Terrés,1
Felipe Soto Viterbo,1
Sergio Zurita,1
Guillermo Vega Zaragoza,1
Antonio Cienfuegos,1
Daniel Enrique Maldonado,1
Eduardo de Gortari,1
José Romero,1
Raúl Casamadrid,1
Eliud C. Delgado,1
José Martín Molina Cardona,1
Bruno H. Piché,1
Aurelio Asiain,1
Santiago de Arena,1
Jorge Rangel,1
Jacobo Tafoya,1
Alejandro Baca,1
Francisco Martín Moreno,1
Paul Carrillo Collazo,1
Felipe Galván,1
Eduardo Parra,1
Gerardo de Jesús Monroy,1
Álvaro Enrigue,1
Hugo Valdés Martínez,1
Ernesto Herrera,1
Fernando Delgadillo,1
Celso Santajuliana,1
David Cano,1
Eduardo Salud,1
Abraham Nuncio,1
Ángel Cuevas,1
Alfredo Peñuelas Rivas,1
Miguel Morales Aguilar,1
José Manuel Hidalgo Cruz,1
Joel Flores,1
Juan Carlos Reyna,1
Alfonso Salas,1
Martín Rangel,1
Cristian Martín Padilla Vega,1
Arturo Cano,1
José Pablo Salas,1
José Ramón Ruisánchez,1
Javier Perucho,1
Carlos H. Vázquez,1
Jorge Borja,1
Gabriel Rodriguez Liceaga,1
Guillermo Samperio,1
Pablo Mata Olay,1
Luis Gilberto Guadalajara Vázquez,1
Julio César Félix,1
Dalí Corona,1
Waldo Leyva,1
Jorge Solís Arenazas,1
Eder Juárez,1
Mario López Peña,1
Bernardo Ruiz,1
Luis Emilio Medina Medina,1
Aurelio Meza,1
José Luis Rico,1
Mauricio Montiel,1
Alberto Escorcia,1
Iván Vivanco,1
Ignacio Solares,1
Ricardo Venegas,1
Daniel Miranda Terres,1
Miguel Gaona,1
Jesús De la Peña Rosas,1
Alejandro Vázquez,1
Luis Reséndiz,1
Enrique Galván Ochoa,1
Pablo Rojas,1
Ernesto Ayala,1
